month,town,flat_type,block,street_name,storey_range,floor_area_sqm,flat_model,lease_commence_date,remaining_lease,resale_price,Address,Latitude,Longtitude
2017-01,BUKIT TIMAH,4 ROOM,4,TOH YI DR,07 TO 09,104.0,Model A,1988,70 years 07 months,670000.0,4 TOH YI DR,1.3385120672333,103.774569823527
2017-04,BUKIT TIMAH,4 ROOM,4,TOH YI DR,07 TO 09,104.0,Model A,1988,70 years 05 months,675000.0,4 TOH YI DR,1.3385120672333,103.774569823527
2017-08,BUKIT TIMAH,4 ROOM,4,TOH YI DR,10 TO 12,104.0,Model A,1988,70 years,706000.0,4 TOH YI DR,1.3385120672333,103.774569823527
2017-11,BUKIT TIMAH,4 ROOM,4,TOH YI DR,13 TO 15,104.0,Model A,1988,69 years 09 months,735000.0,4 TOH YI DR,1.3385120672333,103.774569823527
2018-01,BUKIT TIMAH,4 ROOM,4,TOH YI DR,10 TO 12,104.0,Model A,1988,69 years 07 months,708000.0,4 TOH YI DR,1.3385120672333,103.774569823527
2018-06,BUKIT TIMAH,4 ROOM,4,TOH YI DR,07 TO 09,104.0,Model A,1988,69 years 03 months,710000.0,4 TOH YI DR,1.3385120672333,103.774569823527
2018-07,BUKIT TIMAH,4 ROOM,4,TOH YI DR,01 TO 03,104.0,Model A,1988,69 years 01 month,638000.0,4 TOH YI DR,1.3385120672333,103.774569823527
2018-07,BUKIT TIMAH,4 ROOM,4,TOH YI DR,04 TO 06,104.0,Model A,1988,69 years 02 months,675000.0,4 TOH YI DR,1.3385120672333,103.774569823527
2019-05,BUKIT TIMAH,4 ROOM,4,TOH YI DR,04 TO 06,104.0,Model A,1988,68 years 03 months,680000.0,4 TOH YI DR,1.3385120672333,103.774569823527
2019-05,BUKIT TIMAH,4 ROOM,4,TOH YI DR,10 TO 12,104.0,Model A,1988,68 years 03 months,699000.0,4 TOH YI DR,1.3385120672333,103.774569823527
2019-05,BUKIT TIMAH,5 ROOM,4,TOH YI DR,07 TO 09,127.0,Improved,1988,68 years 03 months,880000.0,4 TOH YI DR,1.3385120672333,103.774569823527
2019-08,BUKIT TIMAH,4 ROOM,4,TOH YI DR,07 TO 09,104.0,Model A,1988,68 years,670000.0,4 TOH YI DR,1.3385120672333,103.774569823527
2019-12,BUKIT TIMAH,4 ROOM,4,TOH YI DR,10 TO 12,104.0,Model A,1988,67 years 08 months,725000.0,4 TOH YI DR,1.3385120672333,103.774569823527
2020-06,BUKIT TIMAH,4 ROOM,4,TOH YI DR,10 TO 12,104.0,Model A,1988,67 years 02 months,680000.0,4 TOH YI DR,1.3385120672333,103.774569823527
2020-10,BUKIT TIMAH,5 ROOM,4,TOH YI DR,04 TO 06,122.0,Improved,1988,66 years 11 months,832000.0,4 TOH YI DR,1.3385120672333,103.774569823527
2020-11,BUKIT TIMAH,4 ROOM,4,TOH YI DR,07 TO 09,104.0,Model A,1988,66 years 09 months,750000.0,4 TOH YI DR,1.3385120672333,103.774569823527
2020-12,BUKIT TIMAH,4 ROOM,4,TOH YI DR,13 TO 15,104.0,Model A,1988,66 years 09 months,710888.0,4 TOH YI DR,1.3385120672333,103.774569823527
2021-06,BUKIT TIMAH,5 ROOM,4,TOH YI DR,01 TO 03,122.0,Improved,1988,66 years 03 months,820000.0,4 TOH YI DR,1.3385120672333,103.774569823527
2021-07,BUKIT TIMAH,4 ROOM,4,TOH YI DR,07 TO 09,104.0,Model A,1988,66 years 02 months,702900.0,4 TOH YI DR,1.3385120672333,103.774569823527
2021-09,BUKIT TIMAH,5 ROOM,4,TOH YI DR,01 TO 03,122.0,Improved,1988,65 years 11 months,828000.0,4 TOH YI DR,1.3385120672333,103.774569823527
2021-10,BUKIT TIMAH,5 ROOM,4,TOH YI DR,01 TO 03,127.0,Improved,1988,65 years 10 months,860000.0,4 TOH YI DR,1.3385120672333,103.774569823527
2022-02,BUKIT TIMAH,4 ROOM,4,TOH YI DR,10 TO 12,104.0,Model A,1988,65 years 06 months,776000.0,4 TOH YI DR,1.3385120672333,103.774569823527
2017-01,BUKIT TIMAH,5 ROOM,5,FARRER RD,10 TO 12,120.0,Standard,1974,56 years 03 months,890000.0,5 FARRER RD,1.31655990980042,103.807288102167
2018-02,BUKIT TIMAH,5 ROOM,5,FARRER RD,10 TO 12,125.0,Standard,1974,55 years 02 months,870000.0,5 FARRER RD,1.31655990980042,103.807288102167
2018-03,BUKIT TIMAH,5 ROOM,5,FARRER RD,19 TO 21,123.0,Standard,1974,55 years 01 month,883000.0,5 FARRER RD,1.31655990980042,103.807288102167
2018-04,BUKIT TIMAH,5 ROOM,5,FARRER RD,13 TO 15,123.0,Standard,1974,55 years 01 month,875000.0,5 FARRER RD,1.31655990980042,103.807288102167
2019-03,BUKIT TIMAH,5 ROOM,5,FARRER RD,01 TO 03,123.0,Standard,1974,54 years 02 months,830000.0,5 FARRER RD,1.31655990980042,103.807288102167
2019-10,BUKIT TIMAH,5 ROOM,5,FARRER RD,07 TO 09,123.0,Standard,1974,53 years 06 months,855000.0,5 FARRER RD,1.31655990980042,103.807288102167
2020-01,BUKIT TIMAH,5 ROOM,5,FARRER RD,07 TO 09,123.0,Standard,1974,53 years 03 months,850000.0,5 FARRER RD,1.31655990980042,103.807288102167
2021-01,BUKIT TIMAH,5 ROOM,5,FARRER RD,04 TO 06,120.0,Standard,1974,52 years 04 months,828000.0,5 FARRER RD,1.31655990980042,103.807288102167
2022-04,BUKIT TIMAH,5 ROOM,5,FARRER RD,13 TO 15,123.0,Standard,1974,51 years,888000.0,5 FARRER RD,1.31655990980042,103.807288102167
2017-01,BUKIT TIMAH,EXECUTIVE,15,TOH YI DR,01 TO 03,146.0,Maisonette,1988,70 years 06 months,876888.0,15 TOH YI DR,1.33931085810035,103.772051477646
2017-06,BUKIT TIMAH,EXECUTIVE,15,TOH YI DR,01 TO 03,146.0,Maisonette,1988,70 years 01 month,882000.0,15 TOH YI DR,1.33931085810035,103.772051477646
2017-09,BUKIT TIMAH,EXECUTIVE,15,TOH YI DR,01 TO 03,146.0,Maisonette,1988,69 years 10 months,885000.0,15 TOH YI DR,1.33931085810035,103.772051477646
2018-03,BUKIT TIMAH,EXECUTIVE,15,TOH YI DR,01 TO 03,145.0,Maisonette,1988,69 years 05 months,860000.0,15 TOH YI DR,1.33931085810035,103.772051477646
2020-10,BUKIT TIMAH,EXECUTIVE,15,TOH YI DR,01 TO 03,146.0,Maisonette,1988,66 years 10 months,958000.0,15 TOH YI DR,1.33931085810035,103.772051477646
2020-12,BUKIT TIMAH,EXECUTIVE,15,TOH YI DR,01 TO 03,146.0,Maisonette,1988,66 years 08 months,928000.0,15 TOH YI DR,1.33931085810035,103.772051477646
2021-01,BUKIT TIMAH,EXECUTIVE,15,TOH YI DR,01 TO 03,145.0,Maisonette,1988,66 years 07 months,920000.0,15 TOH YI DR,1.33931085810035,103.772051477646
2021-03,BUKIT TIMAH,EXECUTIVE,15,TOH YI DR,01 TO 03,145.0,Maisonette,1988,66 years 05 months,925000.0,15 TOH YI DR,1.33931085810035,103.772051477646
2017-02,BUKIT TIMAH,3 ROOM,4,QUEEN'S RD,07 TO 09,74.0,Improved,1974,56 years 02 months,425000.0,4 QUEEN'S RD,1.31883225284458,103.808061967625
2017-08,BUKIT TIMAH,3 ROOM,4,QUEEN'S RD,10 TO 12,63.0,Improved,1974,55 years 08 months,390000.0,4 QUEEN'S RD,1.31883225284458,103.808061967625
2017-09,BUKIT TIMAH,3 ROOM,4,QUEEN'S RD,04 TO 06,73.0,Improved,1974,55 years 07 months,445000.0,4 QUEEN'S RD,1.31883225284458,103.808061967625
2018-05,BUKIT TIMAH,3 ROOM,4,QUEEN'S RD,10 TO 12,64.0,Improved,1974,54 years 11 months,380000.0,4 QUEEN'S RD,1.31883225284458,103.808061967625
2018-06,BUKIT TIMAH,3 ROOM,4,QUEEN'S RD,07 TO 09,73.0,Improved,1974,54 years 11 months,440000.0,4 QUEEN'S RD,1.31883225284458,103.808061967625
2018-07,BUKIT TIMAH,3 ROOM,4,QUEEN'S RD,07 TO 09,73.0,Improved,1974,54 years 10 months,435000.0,4 QUEEN'S RD,1.31883225284458,103.808061967625
2018-09,BUKIT TIMAH,3 ROOM,4,QUEEN'S RD,04 TO 06,73.0,Improved,1974,54 years 07 months,450000.0,4 QUEEN'S RD,1.31883225284458,103.808061967625
2018-10,BUKIT TIMAH,3 ROOM,4,QUEEN'S RD,04 TO 06,74.0,Improved,1974,54 years 06 months,430000.0,4 QUEEN'S RD,1.31883225284458,103.808061967625
2018-11,BUKIT TIMAH,3 ROOM,4,QUEEN'S RD,07 TO 09,73.0,Improved,1974,54 years 06 months,405000.0,4 QUEEN'S RD,1.31883225284458,103.808061967625
2019-05,BUKIT TIMAH,3 ROOM,4,QUEEN'S RD,04 TO 06,74.0,Improved,1974,53 years 11 months,432500.0,4 QUEEN'S RD,1.31883225284458,103.808061967625
2019-05,BUKIT TIMAH,3 ROOM,4,QUEEN'S RD,10 TO 12,73.0,Improved,1974,53 years 11 months,438000.0,4 QUEEN'S RD,1.31883225284458,103.808061967625
2019-09,BUKIT TIMAH,3 ROOM,4,QUEEN'S RD,07 TO 09,63.0,Improved,1974,53 years 07 months,400000.0,4 QUEEN'S RD,1.31883225284458,103.808061967625
2019-09,BUKIT TIMAH,3 ROOM,4,QUEEN'S RD,07 TO 09,63.0,Improved,1974,53 years 07 months,420000.0,4 QUEEN'S RD,1.31883225284458,103.808061967625
2019-09,BUKIT TIMAH,3 ROOM,4,QUEEN'S RD,10 TO 12,73.0,Improved,1974,53 years 07 months,450000.0,4 QUEEN'S RD,1.31883225284458,103.808061967625
2019-12,BUKIT TIMAH,3 ROOM,4,QUEEN'S RD,10 TO 12,74.0,Improved,1974,53 years 04 months,455000.0,4 QUEEN'S RD,1.31883225284458,103.808061967625
2020-07,BUKIT TIMAH,3 ROOM,4,QUEEN'S RD,07 TO 09,73.0,Improved,1974,52 years 10 months,388000.0,4 QUEEN'S RD,1.31883225284458,103.808061967625
2021-01,BUKIT TIMAH,3 ROOM,4,QUEEN'S RD,04 TO 06,73.0,Improved,1974,52 years 04 months,418000.0,4 QUEEN'S RD,1.31883225284458,103.808061967625
2021-01,BUKIT TIMAH,3 ROOM,4,QUEEN'S RD,10 TO 12,73.0,Improved,1974,52 years 04 months,415000.0,4 QUEEN'S RD,1.31883225284458,103.808061967625
2021-01,BUKIT TIMAH,3 ROOM,4,QUEEN'S RD,10 TO 12,73.0,Improved,1974,52 years 03 months,430000.0,4 QUEEN'S RD,1.31883225284458,103.808061967625
2021-04,BUKIT TIMAH,3 ROOM,4,QUEEN'S RD,10 TO 12,73.0,Improved,1974,52 years 01 month,415000.0,4 QUEEN'S RD,1.31883225284458,103.808061967625
2021-04,BUKIT TIMAH,3 ROOM,4,QUEEN'S RD,04 TO 06,73.0,Improved,1974,52 years,432000.0,4 QUEEN'S RD,1.31883225284458,103.808061967625
2021-05,BUKIT TIMAH,3 ROOM,4,QUEEN'S RD,07 TO 09,64.0,Improved,1974,51 years 11 months,408000.0,4 QUEEN'S RD,1.31883225284458,103.808061967625
2021-11,BUKIT TIMAH,3 ROOM,4,QUEEN'S RD,07 TO 09,73.0,Improved,1974,51 years 05 months,422000.0,4 QUEEN'S RD,1.31883225284458,103.808061967625
2021-12,BUKIT TIMAH,3 ROOM,4,QUEEN'S RD,04 TO 06,73.0,Improved,1974,51 years 05 months,418000.0,4 QUEEN'S RD,1.31883225284458,103.808061967625
2021-12,BUKIT TIMAH,3 ROOM,4,QUEEN'S RD,07 TO 09,73.0,Improved,1974,51 years 05 months,415000.0,4 QUEEN'S RD,1.31883225284458,103.808061967625
2022-01,BUKIT TIMAH,3 ROOM,4,QUEEN'S RD,04 TO 06,73.0,Improved,1974,51 years 04 months,455000.0,4 QUEEN'S RD,1.31883225284458,103.808061967625
2022-02,BUKIT TIMAH,3 ROOM,4,QUEEN'S RD,07 TO 09,74.0,Improved,1974,51 years 03 months,450000.0,4 QUEEN'S RD,1.31883225284458,103.808061967625
2022-03,BUKIT TIMAH,3 ROOM,4,QUEEN'S RD,10 TO 12,74.0,Improved,1974,51 years 01 month,465000.0,4 QUEEN'S RD,1.31883225284458,103.808061967625
2022-08,BUKIT TIMAH,3 ROOM,4,QUEEN'S RD,04 TO 06,73.0,Improved,1974,50 years 09 months,458000.0,4 QUEEN'S RD,1.31883225284458,103.808061967625
2022-08,BUKIT TIMAH,3 ROOM,4,QUEEN'S RD,04 TO 06,73.0,Improved,1974,50 years 09 months,420000.0,4 QUEEN'S RD,1.31883225284458,103.808061967625
2022-11,BUKIT TIMAH,3 ROOM,4,QUEEN'S RD,01 TO 03,73.0,Improved,1974,50 years 06 months,400000.0,4 QUEEN'S RD,1.31883225284458,103.808061967625
2017-02,BUKIT TIMAH,5 ROOM,17,TOH YI DR,01 TO 03,122.0,Improved,1988,70 years 05 months,710000.0,17 TOH YI DR,1.33976904024065,103.772556110778
2017-03,BUKIT TIMAH,4 ROOM,17,TOH YI DR,07 TO 09,104.0,Model A,1988,70 years 04 months,720000.0,17 TOH YI DR,1.33976904024065,103.772556110778
2018-01,BUKIT TIMAH,5 ROOM,17,TOH YI DR,10 TO 12,122.0,Improved,1988,69 years 06 months,800000.0,17 TOH YI DR,1.33976904024065,103.772556110778
2018-03,BUKIT TIMAH,4 ROOM,17,TOH YI DR,07 TO 09,104.0,Model A,1988,69 years 05 months,696000.0,17 TOH YI DR,1.33976904024065,103.772556110778
2018-05,BUKIT TIMAH,5 ROOM,17,TOH YI DR,01 TO 03,128.0,Improved,1988,69 years 02 months,720000.0,17 TOH YI DR,1.33976904024065,103.772556110778
2018-06,BUKIT TIMAH,5 ROOM,17,TOH YI DR,07 TO 09,122.0,Improved,1988,69 years 02 months,760000.0,17 TOH YI DR,1.33976904024065,103.772556110778
2018-07,BUKIT TIMAH,4 ROOM,17,TOH YI DR,13 TO 15,104.0,Model A,1988,69 years 01 month,738000.0,17 TOH YI DR,1.33976904024065,103.772556110778
2019-02,BUKIT TIMAH,4 ROOM,17,TOH YI DR,13 TO 15,104.0,Model A,1988,68 years 05 months,725000.0,17 TOH YI DR,1.33976904024065,103.772556110778
2019-03,BUKIT TIMAH,4 ROOM,17,TOH YI DR,01 TO 03,104.0,Model A,1988,68 years 04 months,685888.0,17 TOH YI DR,1.33976904024065,103.772556110778
2019-11,BUKIT TIMAH,5 ROOM,17,TOH YI DR,04 TO 06,122.0,Improved,1988,67 years 08 months,783000.0,17 TOH YI DR,1.33976904024065,103.772556110778
2019-12,BUKIT TIMAH,4 ROOM,17,TOH YI DR,07 TO 09,104.0,Model A,1988,67 years 07 months,643888.0,17 TOH YI DR,1.33976904024065,103.772556110778
2021-01,BUKIT TIMAH,5 ROOM,17,TOH YI DR,10 TO 12,122.0,Improved,1988,66 years 07 months,826000.0,17 TOH YI DR,1.33976904024065,103.772556110778
2021-03,BUKIT TIMAH,5 ROOM,17,TOH YI DR,04 TO 06,122.0,Improved,1988,66 years 05 months,862888.0,17 TOH YI DR,1.33976904024065,103.772556110778
2021-06,BUKIT TIMAH,4 ROOM,17,TOH YI DR,04 TO 06,104.0,Model A,1988,66 years 02 months,660000.0,17 TOH YI DR,1.33976904024065,103.772556110778
2021-09,BUKIT TIMAH,5 ROOM,17,TOH YI DR,10 TO 12,122.0,Improved,1988,65 years 10 months,925000.0,17 TOH YI DR,1.33976904024065,103.772556110778
2021-11,BUKIT TIMAH,5 ROOM,17,TOH YI DR,10 TO 12,127.0,Improved,1988,65 years 09 months,940000.0,17 TOH YI DR,1.33976904024065,103.772556110778
2022-07,BUKIT TIMAH,4 ROOM,17,TOH YI DR,04 TO 06,104.0,Model A,1988,65 years 01 month,768000.0,17 TOH YI DR,1.33976904024065,103.772556110778
2022-11,BUKIT TIMAH,4 ROOM,17,TOH YI DR,10 TO 12,104.0,Model A,1988,64 years 09 months,838000.0,17 TOH YI DR,1.33976904024065,103.772556110778
2022-01,BUKIT TIMAH,5 ROOM,17,TOH YI DR,13 TO 15,122.0,Improved,1988,65 years 07 months,800000.0,17 TOH YI DR,1.33976904024065,103.772556110778
2017-02,BUKIT TIMAH,5 ROOM,5,TOH YI DR,07 TO 09,122.0,Improved,1989,71 years 04 months,790000.0,5 TOH YI DR,1.33819254167455,103.774522627887
2017-02,BUKIT TIMAH,5 ROOM,5,TOH YI DR,10 TO 12,122.0,Improved,1989,71 years 04 months,810000.0,5 TOH YI DR,1.33819254167455,103.774522627887
2018-01,BUKIT TIMAH,5 ROOM,5,TOH YI DR,01 TO 03,122.0,Improved,1989,70 years 05 months,818000.0,5 TOH YI DR,1.33819254167455,103.774522627887
2018-02,BUKIT TIMAH,5 ROOM,5,TOH YI DR,10 TO 12,122.0,Improved,1989,70 years 05 months,808000.0,5 TOH YI DR,1.33819254167455,103.774522627887
2019-05,BUKIT TIMAH,4 ROOM,5,TOH YI DR,04 TO 06,104.0,Model A,1989,69 years 01 month,700000.0,5 TOH YI DR,1.33819254167455,103.774522627887
2019-07,BUKIT TIMAH,5 ROOM,5,TOH YI DR,04 TO 06,122.0,Improved,1989,68 years 11 months,818000.0,5 TOH YI DR,1.33819254167455,103.774522627887
2019-10,BUKIT TIMAH,5 ROOM,5,TOH YI DR,07 TO 09,122.0,Improved,1989,68 years 08 months,725000.0,5 TOH YI DR,1.33819254167455,103.774522627887
2019-11,BUKIT TIMAH,5 ROOM,5,TOH YI DR,07 TO 09,122.0,Improved,1989,68 years 07 months,842000.0,5 TOH YI DR,1.33819254167455,103.774522627887
2020-03,BUKIT TIMAH,5 ROOM,5,TOH YI DR,13 TO 15,122.0,Improved,1989,68 years 03 months,860000.0,5 TOH YI DR,1.33819254167455,103.774522627887
2020-06,BUKIT TIMAH,5 ROOM,5,TOH YI DR,01 TO 03,127.0,Improved,1989,68 years 02 months,828000.0,5 TOH YI DR,1.33819254167455,103.774522627887
2020-07,BUKIT TIMAH,4 ROOM,5,TOH YI DR,07 TO 09,104.0,Model A,1989,67 years 11 months,718000.0,5 TOH YI DR,1.33819254167455,103.774522627887
2020-10,BUKIT TIMAH,5 ROOM,5,TOH YI DR,10 TO 12,127.0,Improved,1989,67 years 09 months,867000.0,5 TOH YI DR,1.33819254167455,103.774522627887
2022-08,BUKIT TIMAH,4 ROOM,5,TOH YI DR,10 TO 12,104.0,Model A,1989,65 years 11 months,773000.0,5 TOH YI DR,1.33819254167455,103.774522627887
2022-05,BUKIT TIMAH,5 ROOM,5,TOH YI DR,07 TO 09,122.0,Improved,1989,66 years 01 month,900000.0,5 TOH YI DR,1.33819254167455,103.774522627887
2022-09,BUKIT TIMAH,5 ROOM,5,TOH YI DR,04 TO 06,122.0,Improved,1989,65 years 10 months,898000.0,5 TOH YI DR,1.33819254167455,103.774522627887
2022-10,BUKIT TIMAH,5 ROOM,5,TOH YI DR,07 TO 09,122.0,Improved,1989,65 years 09 months,981888.88,5 TOH YI DR,1.33819254167455,103.774522627887
2017-02,BUKIT TIMAH,EXECUTIVE,7,TOH YI DR,04 TO 06,146.0,Maisonette,1989,71 years 07 months,910000.0,7 TOH YI DR,1.33737314445096,103.775043151688
2018-06,BUKIT TIMAH,EXECUTIVE,7,TOH YI DR,04 TO 06,146.0,Maisonette,1989,70 years 04 months,900000.0,7 TOH YI DR,1.33737314445096,103.775043151688
2018-11,BUKIT TIMAH,EXECUTIVE,7,TOH YI DR,04 TO 06,146.0,Maisonette,1989,69 years 10 months,1000000.0,7 TOH YI DR,1.33737314445096,103.775043151688
2019-07,BUKIT TIMAH,EXECUTIVE,7,TOH YI DR,10 TO 12,146.0,Maisonette,1989,69 years 03 months,975000.0,7 TOH YI DR,1.33737314445096,103.775043151688
2019-08,BUKIT TIMAH,EXECUTIVE,7,TOH YI DR,01 TO 03,146.0,Maisonette,1989,69 years 01 month,915000.0,7 TOH YI DR,1.33737314445096,103.775043151688
2019-10,BUKIT TIMAH,EXECUTIVE,7,TOH YI DR,01 TO 03,146.0,Maisonette,1989,68 years 11 months,880000.0,7 TOH YI DR,1.33737314445096,103.775043151688
2020-07,BUKIT TIMAH,EXECUTIVE,7,TOH YI DR,10 TO 12,146.0,Maisonette,1989,68 years 02 months,990000.0,7 TOH YI DR,1.33737314445096,103.775043151688
2020-12,BUKIT TIMAH,EXECUTIVE,7,TOH YI DR,04 TO 06,142.0,Apartment,1989,67 years 10 months,765000.0,7 TOH YI DR,1.33737314445096,103.775043151688
2021-01,BUKIT TIMAH,EXECUTIVE,7,TOH YI DR,01 TO 03,145.0,Apartment,1989,67 years 09 months,930000.0,7 TOH YI DR,1.33737314445096,103.775043151688
2021-07,BUKIT TIMAH,EXECUTIVE,7,TOH YI DR,01 TO 03,146.0,Maisonette,1989,67 years 03 months,1050000.0,7 TOH YI DR,1.33737314445096,103.775043151688
2021-12,BUKIT TIMAH,EXECUTIVE,7,TOH YI DR,04 TO 06,142.0,Apartment,1989,66 years 09 months,1125000.0,7 TOH YI DR,1.33737314445096,103.775043151688
2022-10,BUKIT TIMAH,EXECUTIVE,7,TOH YI DR,07 TO 09,146.0,Maisonette,1989,66 years,1200000.0,7 TOH YI DR,1.33737314445096,103.775043151688
2017-03,BUKIT TIMAH,3 ROOM,8,EMPRESS RD,04 TO 06,65.0,Improved,1976,58 years 01 month,390000.0,8 EMPRESS RD,1.31641190098174,103.805373811937
2017-03,BUKIT TIMAH,3 ROOM,8,EMPRESS RD,07 TO 09,65.0,Improved,1976,58 years 01 month,428000.0,8 EMPRESS RD,1.31641190098174,103.805373811937
2017-07,BUKIT TIMAH,3 ROOM,8,EMPRESS RD,10 TO 12,65.0,Improved,1976,57 years 09 months,400000.0,8 EMPRESS RD,1.31641190098174,103.805373811937
2017-09,BUKIT TIMAH,3 ROOM,8,EMPRESS RD,07 TO 09,65.0,Improved,1976,57 years 07 months,370000.0,8 EMPRESS RD,1.31641190098174,103.805373811937
2017-10,BUKIT TIMAH,3 ROOM,8,EMPRESS RD,07 TO 09,65.0,Improved,1976,57 years 06 months,380000.0,8 EMPRESS RD,1.31641190098174,103.805373811937
2017-10,BUKIT TIMAH,3 ROOM,8,EMPRESS RD,13 TO 15,65.0,Improved,1976,57 years 06 months,437000.0,8 EMPRESS RD,1.31641190098174,103.805373811937
2017-12,BUKIT TIMAH,3 ROOM,8,EMPRESS RD,10 TO 12,65.0,Improved,1976,57 years 04 months,450000.0,8 EMPRESS RD,1.31641190098174,103.805373811937
2018-07,BUKIT TIMAH,3 ROOM,8,EMPRESS RD,04 TO 06,76.0,Improved,1976,56 years 10 months,495000.0,8 EMPRESS RD,1.31641190098174,103.805373811937
2018-09,BUKIT TIMAH,5 ROOM,8,EMPRESS RD,13 TO 15,130.0,Adjoined flat,1976,56 years 07 months,755000.0,8 EMPRESS RD,1.31641190098174,103.805373811937
2019-05,BUKIT TIMAH,3 ROOM,8,EMPRESS RD,04 TO 06,65.0,Improved,1976,56 years,375000.0,8 EMPRESS RD,1.31641190098174,103.805373811937
2019-05,BUKIT TIMAH,3 ROOM,8,EMPRESS RD,10 TO 12,65.0,Improved,1976,55 years 11 months,382000.0,8 EMPRESS RD,1.31641190098174,103.805373811937
2019-09,BUKIT TIMAH,3 ROOM,8,EMPRESS RD,10 TO 12,65.0,Improved,1976,55 years 07 months,380000.0,8 EMPRESS RD,1.31641190098174,103.805373811937
2020-05,BUKIT TIMAH,3 ROOM,8,EMPRESS RD,10 TO 12,65.0,Improved,1976,55 years,395000.0,8 EMPRESS RD,1.31641190098174,103.805373811937
2020-06,BUKIT TIMAH,3 ROOM,8,EMPRESS RD,13 TO 15,65.0,Improved,1976,54 years 11 months,405000.0,8 EMPRESS RD,1.31641190098174,103.805373811937
2020-09,BUKIT TIMAH,3 ROOM,8,EMPRESS RD,13 TO 15,65.0,Improved,1976,54 years 08 months,410000.0,8 EMPRESS RD,1.31641190098174,103.805373811937
2020-10,BUKIT TIMAH,3 ROOM,8,EMPRESS RD,10 TO 12,65.0,Improved,1976,54 years 06 months,300000.0,8 EMPRESS RD,1.31641190098174,103.805373811937
2020-11,BUKIT TIMAH,3 ROOM,8,EMPRESS RD,07 TO 09,65.0,Improved,1976,54 years 06 months,370000.0,8 EMPRESS RD,1.31641190098174,103.805373811937
2020-12,BUKIT TIMAH,3 ROOM,8,EMPRESS RD,07 TO 09,65.0,Improved,1976,54 years 05 months,378000.0,8 EMPRESS RD,1.31641190098174,103.805373811937
2021-02,BUKIT TIMAH,3 ROOM,8,EMPRESS RD,04 TO 06,65.0,Improved,1976,54 years 02 months,390000.0,8 EMPRESS RD,1.31641190098174,103.805373811937
2021-04,BUKIT TIMAH,3 ROOM,8,EMPRESS RD,13 TO 15,65.0,Improved,1976,54 years,418000.0,8 EMPRESS RD,1.31641190098174,103.805373811937
2021-05,BUKIT TIMAH,3 ROOM,8,EMPRESS RD,04 TO 06,65.0,Improved,1976,54 years,388000.0,8 EMPRESS RD,1.31641190098174,103.805373811937
2021-09,BUKIT TIMAH,3 ROOM,8,EMPRESS RD,10 TO 12,65.0,Improved,1976,53 years 08 months,408000.0,8 EMPRESS RD,1.31641190098174,103.805373811937
2022-01,BUKIT TIMAH,3 ROOM,8,EMPRESS RD,07 TO 09,65.0,Improved,1976,53 years 04 months,335000.0,8 EMPRESS RD,1.31641190098174,103.805373811937
2022-01,BUKIT TIMAH,3 ROOM,8,EMPRESS RD,10 TO 12,65.0,Improved,1976,53 years 03 months,395000.0,8 EMPRESS RD,1.31641190098174,103.805373811937
2022-06,BUKIT TIMAH,3 ROOM,8,EMPRESS RD,04 TO 06,65.0,Improved,1976,52 years 11 months,368000.0,8 EMPRESS RD,1.31641190098174,103.805373811937
2022-07,BUKIT TIMAH,3 ROOM,8,EMPRESS RD,13 TO 15,76.0,Improved,1976,52 years 10 months,475000.0,8 EMPRESS RD,1.31641190098174,103.805373811937
2022-10,BUKIT TIMAH,3 ROOM,8,EMPRESS RD,10 TO 12,65.0,Improved,1976,52 years 07 months,445000.0,8 EMPRESS RD,1.31641190098174,103.805373811937
2017-03,BUKIT TIMAH,4 ROOM,18,TOH YI DR,01 TO 03,88.0,Simplified,1989,71 years 02 months,600000.0,18 TOH YI DR,1.33997913622859,103.773132242769
2022-07,BUKIT TIMAH,3 ROOM,18,TOH YI DR,04 TO 06,64.0,Simplified,1989,65 years 11 months,456000.0,18 TOH YI DR,1.33997913622859,103.773132242769
2022-04,BUKIT TIMAH,4 ROOM,18,TOH YI DR,04 TO 06,84.0,Simplified,1989,66 years 02 months,555000.0,18 TOH YI DR,1.33997913622859,103.773132242769
2017-03,BUKIT TIMAH,4 ROOM,6,FARRER RD,10 TO 12,91.0,Improved,1974,56 years 01 month,620000.0,6 FARRER RD,1.31731971195622,103.808057179008
2017-09,BUKIT TIMAH,4 ROOM,6,FARRER RD,04 TO 06,91.0,Improved,1974,55 years 08 months,550000.0,6 FARRER RD,1.31731971195622,103.808057179008
2019-02,BUKIT TIMAH,3 ROOM,6,FARRER RD,07 TO 09,76.0,Improved,1974,54 years 03 months,450000.0,6 FARRER RD,1.31731971195622,103.808057179008
2019-03,BUKIT TIMAH,4 ROOM,6,FARRER RD,10 TO 12,91.0,Improved,1974,54 years 01 month,570000.0,6 FARRER RD,1.31731971195622,103.808057179008
2021-01,BUKIT TIMAH,4 ROOM,6,FARRER RD,04 TO 06,91.0,Improved,1974,52 years 04 months,448000.0,6 FARRER RD,1.31731971195622,103.808057179008
2021-04,BUKIT TIMAH,4 ROOM,6,FARRER RD,01 TO 03,91.0,Improved,1974,52 years 01 month,528000.0,6 FARRER RD,1.31731971195622,103.808057179008
2021-09,BUKIT TIMAH,4 ROOM,6,FARRER RD,07 TO 09,91.0,Improved,1974,51 years 08 months,560000.0,6 FARRER RD,1.31731971195622,103.808057179008
2021-11,BUKIT TIMAH,4 ROOM,6,FARRER RD,01 TO 03,91.0,Improved,1974,51 years 06 months,520000.0,6 FARRER RD,1.31731971195622,103.808057179008
2021-12,BUKIT TIMAH,4 ROOM,6,FARRER RD,01 TO 03,91.0,Improved,1974,51 years 05 months,525000.0,6 FARRER RD,1.31731971195622,103.808057179008
2022-09,BUKIT TIMAH,3 ROOM,6,FARRER RD,07 TO 09,76.0,Improved,1974,50 years 08 months,490000.0,6 FARRER RD,1.31731971195622,103.808057179008
2022-04,BUKIT TIMAH,4 ROOM,6,FARRER RD,07 TO 09,91.0,Improved,1974,51 years,560000.0,6 FARRER RD,1.31731971195622,103.808057179008
2022-07,BUKIT TIMAH,4 ROOM,6,FARRER RD,01 TO 03,91.0,Improved,1974,50 years 10 months,575000.0,6 FARRER RD,1.31731971195622,103.808057179008
2022-07,BUKIT TIMAH,4 ROOM,6,FARRER RD,10 TO 12,91.0,Improved,1974,50 years 10 months,621888.0,6 FARRER RD,1.31731971195622,103.808057179008
2022-08,BUKIT TIMAH,4 ROOM,6,FARRER RD,01 TO 03,91.0,Improved,1974,50 years 09 months,530000.0,6 FARRER RD,1.31731971195622,103.808057179008
2022-09,BUKIT TIMAH,4 ROOM,6,FARRER RD,01 TO 03,91.0,Improved,1974,50 years 08 months,565000.0,6 FARRER RD,1.31731971195622,103.808057179008
2017-03,BUKIT TIMAH,4 ROOM,11,TOH YI DR,04 TO 06,104.0,Model A,1989,71 years 03 months,648000.0,11 TOH YI DR,1.33800261167656,103.77260327239
2017-07,BUKIT TIMAH,4 ROOM,11,TOH YI DR,01 TO 03,108.0,Model A,1989,71 years,550000.0,11 TOH YI DR,1.33800261167656,103.77260327239
2017-10,BUKIT TIMAH,4 ROOM,11,TOH YI DR,01 TO 03,104.0,Model A,1989,70 years 08 months,609888.0,11 TOH YI DR,1.33800261167656,103.77260327239
2017-11,BUKIT TIMAH,5 ROOM,11,TOH YI DR,04 TO 06,128.0,Improved,1989,70 years 07 months,798000.0,11 TOH YI DR,1.33800261167656,103.77260327239
2018-04,BUKIT TIMAH,4 ROOM,11,TOH YI DR,07 TO 09,104.0,Model A,1989,70 years 02 months,700000.0,11 TOH YI DR,1.33800261167656,103.77260327239
2018-07,BUKIT TIMAH,4 ROOM,11,TOH YI DR,04 TO 06,104.0,Model A,1989,70 years,650000.0,11 TOH YI DR,1.33800261167656,103.77260327239
2018-07,BUKIT TIMAH,4 ROOM,11,TOH YI DR,10 TO 12,104.0,Model A,1989,69 years 11 months,720000.0,11 TOH YI DR,1.33800261167656,103.77260327239
2018-10,BUKIT TIMAH,5 ROOM,11,TOH YI DR,04 TO 06,122.0,Improved,1989,69 years 08 months,760000.0,11 TOH YI DR,1.33800261167656,103.77260327239
2019-03,BUKIT TIMAH,5 ROOM,11,TOH YI DR,04 TO 06,122.0,Improved,1989,69 years 03 months,805000.0,11 TOH YI DR,1.33800261167656,103.77260327239
2019-05,BUKIT TIMAH,4 ROOM,11,TOH YI DR,07 TO 09,104.0,Model A,1989,69 years 02 months,710000.0,11 TOH YI DR,1.33800261167656,103.77260327239
2019-06,BUKIT TIMAH,5 ROOM,11,TOH YI DR,01 TO 03,122.0,Improved,1989,69 years,752888.0,11 TOH YI DR,1.33800261167656,103.77260327239
2020-03,BUKIT TIMAH,4 ROOM,11,TOH YI DR,04 TO 06,104.0,Model A,1989,68 years 03 months,635000.0,11 TOH YI DR,1.33800261167656,103.77260327239
2020-11,BUKIT TIMAH,4 ROOM,11,TOH YI DR,10 TO 12,108.0,Model A,1989,67 years 07 months,680000.0,11 TOH YI DR,1.33800261167656,103.77260327239
2021-02,BUKIT TIMAH,5 ROOM,11,TOH YI DR,01 TO 03,122.0,Improved,1989,67 years 05 months,850000.0,11 TOH YI DR,1.33800261167656,103.77260327239
2021-05,BUKIT TIMAH,4 ROOM,11,TOH YI DR,07 TO 09,104.0,Model A,1989,67 years 02 months,672000.0,11 TOH YI DR,1.33800261167656,103.77260327239
2021-05,BUKIT TIMAH,5 ROOM,11,TOH YI DR,01 TO 03,122.0,Improved,1989,67 years 02 months,770000.0,11 TOH YI DR,1.33800261167656,103.77260327239
2021-08,BUKIT TIMAH,4 ROOM,11,TOH YI DR,04 TO 06,108.0,Model A,1989,66 years 11 months,703000.0,11 TOH YI DR,1.33800261167656,103.77260327239
2022-01,BUKIT TIMAH,4 ROOM,11,TOH YI DR,07 TO 09,108.0,Model A,1989,66 years 06 months,828000.0,11 TOH YI DR,1.33800261167656,103.77260327239
2022-11,BUKIT TIMAH,5 ROOM,11,TOH YI DR,01 TO 03,122.0,Improved,1989,65 years 09 months,845000.0,11 TOH YI DR,1.33800261167656,103.77260327239
2017-04,BUKIT TIMAH,4 ROOM,13,TOH YI DR,13 TO 15,104.0,Model A,1988,70 years 05 months,650000.0,13 TOH YI DR,1.33874587958197,103.772438575927
2017-06,BUKIT TIMAH,5 ROOM,13,TOH YI DR,10 TO 12,122.0,Improved,1988,70 years 03 months,813000.0,13 TOH YI DR,1.33874587958197,103.772438575927
2017-09,BUKIT TIMAH,4 ROOM,13,TOH YI DR,07 TO 09,104.0,Model A,1988,70 years,718000.0,13 TOH YI DR,1.33874587958197,103.772438575927
2018-04,BUKIT TIMAH,4 ROOM,13,TOH YI DR,10 TO 12,104.0,Model A,1988,69 years 05 months,716888.0,13 TOH YI DR,1.33874587958197,103.772438575927
2018-04,BUKIT TIMAH,5 ROOM,13,TOH YI DR,01 TO 03,128.0,Improved,1988,69 years 05 months,740000.0,13 TOH YI DR,1.33874587958197,103.772438575927
2018-11,BUKIT TIMAH,4 ROOM,13,TOH YI DR,04 TO 06,104.0,Model A,1988,68 years 10 months,630000.0,13 TOH YI DR,1.33874587958197,103.772438575927
2019-04,BUKIT TIMAH,4 ROOM,13,TOH YI DR,07 TO 09,104.0,Model A,1988,68 years 06 months,638000.0,13 TOH YI DR,1.33874587958197,103.772438575927
2019-05,BUKIT TIMAH,5 ROOM,13,TOH YI DR,07 TO 09,122.0,Improved,1988,68 years 04 months,805000.0,13 TOH YI DR,1.33874587958197,103.772438575927
2019-06,BUKIT TIMAH,4 ROOM,13,TOH YI DR,07 TO 09,104.0,Model A,1988,68 years 03 months,638888.0,13 TOH YI DR,1.33874587958197,103.772438575927
2019-10,BUKIT TIMAH,4 ROOM,13,TOH YI DR,04 TO 06,104.0,Model A,1988,67 years 11 months,630000.0,13 TOH YI DR,1.33874587958197,103.772438575927
2019-10,BUKIT TIMAH,4 ROOM,13,TOH YI DR,07 TO 09,104.0,Model A,1988,67 years 11 months,668000.0,13 TOH YI DR,1.33874587958197,103.772438575927
2020-03,BUKIT TIMAH,5 ROOM,13,TOH YI DR,10 TO 12,128.0,Improved,1988,67 years 07 months,833000.0,13 TOH YI DR,1.33874587958197,103.772438575927
2021-01,BUKIT TIMAH,4 ROOM,13,TOH YI DR,07 TO 09,104.0,Model A,1988,66 years 09 months,650000.0,13 TOH YI DR,1.33874587958197,103.772438575927
2021-02,BUKIT TIMAH,4 ROOM,13,TOH YI DR,04 TO 06,104.0,Model A,1988,66 years 07 months,637000.0,13 TOH YI DR,1.33874587958197,103.772438575927
2021-09,BUKIT TIMAH,5 ROOM,13,TOH YI DR,04 TO 06,128.0,Improved,1988,66 years,775000.0,13 TOH YI DR,1.33874587958197,103.772438575927
2021-10,BUKIT TIMAH,4 ROOM,13,TOH YI DR,13 TO 15,104.0,Model A,1988,66 years,777000.0,13 TOH YI DR,1.33874587958197,103.772438575927
2022-02,BUKIT TIMAH,4 ROOM,13,TOH YI DR,07 TO 09,104.0,Model A,1988,65 years 07 months,775000.0,13 TOH YI DR,1.33874587958197,103.772438575927
2022-04,BUKIT TIMAH,4 ROOM,13,TOH YI DR,10 TO 12,104.0,Model A,1988,65 years 05 months,732888.0,13 TOH YI DR,1.33874587958197,103.772438575927
2022-05,BUKIT TIMAH,5 ROOM,13,TOH YI DR,01 TO 03,122.0,Improved,1988,65 years 05 months,840000.0,13 TOH YI DR,1.33874587958197,103.772438575927
2022-09,BUKIT TIMAH,5 ROOM,13,TOH YI DR,10 TO 12,122.0,Improved,1988,65 years 01 month,905000.0,13 TOH YI DR,1.33874587958197,103.772438575927
2017-04,BUKIT TIMAH,5 ROOM,16,TOH YI DR,10 TO 12,122.0,Improved,1988,70 years 07 months,785000.0,16 TOH YI DR,1.33940868079894,103.772605679864
2017-08,BUKIT TIMAH,4 ROOM,16,TOH YI DR,04 TO 06,104.0,Model A,1988,70 years 03 months,610000.0,16 TOH YI DR,1.33940868079894,103.772605679864
2017-09,BUKIT TIMAH,4 ROOM,16,TOH YI DR,07 TO 09,104.0,Model A,1988,70 years 02 months,675000.0,16 TOH YI DR,1.33940868079894,103.772605679864
2017-09,BUKIT TIMAH,4 ROOM,16,TOH YI DR,13 TO 15,104.0,Model A,1988,70 years 02 months,698000.0,16 TOH YI DR,1.33940868079894,103.772605679864
2018-08,BUKIT TIMAH,4 ROOM,16,TOH YI DR,01 TO 03,104.0,Model A,1988,69 years 04 months,620088.0,16 TOH YI DR,1.33940868079894,103.772605679864
2019-10,BUKIT TIMAH,5 ROOM,16,TOH YI DR,01 TO 03,122.0,Improved,1988,68 years 02 months,800000.0,16 TOH YI DR,1.33940868079894,103.772605679864
2019-11,BUKIT TIMAH,5 ROOM,16,TOH YI DR,07 TO 09,122.0,Improved,1988,68 years,820000.0,16 TOH YI DR,1.33940868079894,103.772605679864
2020-09,BUKIT TIMAH,4 ROOM,16,TOH YI DR,04 TO 06,104.0,Model A,1988,67 years 03 months,620000.0,16 TOH YI DR,1.33940868079894,103.772605679864
2020-09,BUKIT TIMAH,5 ROOM,16,TOH YI DR,07 TO 09,122.0,Improved,1988,67 years 02 months,828000.0,16 TOH YI DR,1.33940868079894,103.772605679864
2021-01,BUKIT TIMAH,4 ROOM,16,TOH YI DR,01 TO 03,104.0,Model A,1988,66 years 11 months,643800.0,16 TOH YI DR,1.33940868079894,103.772605679864
2021-06,BUKIT TIMAH,4 ROOM,16,TOH YI DR,04 TO 06,104.0,Model A,1988,66 years 06 months,655000.0,16 TOH YI DR,1.33940868079894,103.772605679864
2021-08,BUKIT TIMAH,5 ROOM,16,TOH YI DR,04 TO 06,122.0,Improved,1988,66 years 03 months,863000.0,16 TOH YI DR,1.33940868079894,103.772605679864
2021-09,BUKIT TIMAH,4 ROOM,16,TOH YI DR,10 TO 12,104.0,Model A,1988,66 years 02 months,730000.0,16 TOH YI DR,1.33940868079894,103.772605679864
2021-11,BUKIT TIMAH,4 ROOM,16,TOH YI DR,01 TO 03,104.0,Model A,1988,66 years 01 month,683000.0,16 TOH YI DR,1.33940868079894,103.772605679864
2022-10,BUKIT TIMAH,4 ROOM,16,TOH YI DR,04 TO 06,104.0,Model A,1988,65 years 02 months,790000.0,16 TOH YI DR,1.33940868079894,103.772605679864
2017-04,BUKIT TIMAH,EXECUTIVE,3,TOH YI DR,01 TO 03,146.0,Maisonette,1988,70 years 04 months,915000.0,3 TOH YI DR,1.33877430429858,103.775254200454
2018-07,BUKIT TIMAH,EXECUTIVE,3,TOH YI DR,01 TO 03,150.0,Maisonette,1988,69 years 02 months,906000.0,3 TOH YI DR,1.33877430429858,103.775254200454
2018-12,BUKIT TIMAH,EXECUTIVE,3,TOH YI DR,01 TO 03,146.0,Maisonette,1988,68 years 08 months,933000.0,3 TOH YI DR,1.33877430429858,103.775254200454
2020-10,BUKIT TIMAH,EXECUTIVE,3,TOH YI DR,07 TO 09,150.0,Maisonette,1988,66 years 11 months,982000.0,3 TOH YI DR,1.33877430429858,103.775254200454
2021-02,BUKIT TIMAH,EXECUTIVE,3,TOH YI DR,10 TO 12,146.0,Maisonette,1988,66 years 07 months,1128000.0,3 TOH YI DR,1.33877430429858,103.775254200454
2021-03,BUKIT TIMAH,EXECUTIVE,3,TOH YI DR,04 TO 06,146.0,Maisonette,1988,66 years 06 months,970000.0,3 TOH YI DR,1.33877430429858,103.775254200454
2021-03,BUKIT TIMAH,EXECUTIVE,3,TOH YI DR,07 TO 09,146.0,Maisonette,1988,66 years 05 months,1020000.0,3 TOH YI DR,1.33877430429858,103.775254200454
2021-09,BUKIT TIMAH,EXECUTIVE,3,TOH YI DR,04 TO 06,146.0,Maisonette,1988,66 years,1010000.0,3 TOH YI DR,1.33877430429858,103.775254200454
2022-11,BUKIT TIMAH,EXECUTIVE,3,TOH YI DR,10 TO 12,146.0,Maisonette,1988,64 years 10 months,1275000.0,3 TOH YI DR,1.33877430429858,103.775254200454
2022-12,BUKIT TIMAH,EXECUTIVE,3,TOH YI DR,01 TO 03,150.0,Maisonette,1988,64 years 09 months,1290800.0,3 TOH YI DR,1.33877430429858,103.775254200454
2017-04,BUKIT TIMAH,EXECUTIVE,6,TOH YI DR,10 TO 12,146.0,Maisonette,1989,71 years 03 months,968888.0,6 TOH YI DR,1.33777302768485,103.775130712626
2017-09,BUKIT TIMAH,EXECUTIVE,6,TOH YI DR,07 TO 09,154.0,Maisonette,1989,70 years 11 months,1018888.0,6 TOH YI DR,1.33777302768485,103.775130712626
2017-11,BUKIT TIMAH,EXECUTIVE,6,TOH YI DR,04 TO 06,146.0,Maisonette,1989,70 years 08 months,950000.0,6 TOH YI DR,1.33777302768485,103.775130712626
2018-02,BUKIT TIMAH,EXECUTIVE,6,TOH YI DR,04 TO 06,150.0,Maisonette,1989,70 years 05 months,955000.0,6 TOH YI DR,1.33777302768485,103.775130712626
2018-06,BUKIT TIMAH,EXECUTIVE,6,TOH YI DR,01 TO 03,146.0,Maisonette,1989,70 years 01 month,908888.0,6 TOH YI DR,1.33777302768485,103.775130712626
2018-10,BUKIT TIMAH,EXECUTIVE,6,TOH YI DR,07 TO 09,146.0,Maisonette,1989,69 years 09 months,988888.0,6 TOH YI DR,1.33777302768485,103.775130712626
2019-05,BUKIT TIMAH,EXECUTIVE,6,TOH YI DR,07 TO 09,146.0,Maisonette,1989,69 years 02 months,1000000.0,6 TOH YI DR,1.33777302768485,103.775130712626
2019-07,BUKIT TIMAH,EXECUTIVE,6,TOH YI DR,04 TO 06,150.0,Maisonette,1989,69 years 01 month,960000.0,6 TOH YI DR,1.33777302768485,103.775130712626
2019-11,BUKIT TIMAH,EXECUTIVE,6,TOH YI DR,10 TO 12,150.0,Maisonette,1989,68 years 08 months,1020000.0,6 TOH YI DR,1.33777302768485,103.775130712626
2019-12,BUKIT TIMAH,EXECUTIVE,6,TOH YI DR,04 TO 06,146.0,Maisonette,1989,68 years 07 months,968000.0,6 TOH YI DR,1.33777302768485,103.775130712626
2021-01,BUKIT TIMAH,EXECUTIVE,6,TOH YI DR,04 TO 06,146.0,Maisonette,1989,67 years 07 months,970000.0,6 TOH YI DR,1.33777302768485,103.775130712626
2021-03,BUKIT TIMAH,EXECUTIVE,6,TOH YI DR,04 TO 06,146.0,Maisonette,1989,67 years 05 months,1050000.0,6 TOH YI DR,1.33777302768485,103.775130712626
2021-03,BUKIT TIMAH,EXECUTIVE,6,TOH YI DR,04 TO 06,146.0,Maisonette,1989,67 years 04 months,969000.0,6 TOH YI DR,1.33777302768485,103.775130712626
2021-04,BUKIT TIMAH,EXECUTIVE,6,TOH YI DR,13 TO 15,154.0,Maisonette,1989,67 years 03 months,1160000.0,6 TOH YI DR,1.33777302768485,103.775130712626
2021-05,BUKIT TIMAH,EXECUTIVE,6,TOH YI DR,04 TO 06,146.0,Maisonette,1989,67 years 02 months,1060000.0,6 TOH YI DR,1.33777302768485,103.775130712626
2021-12,BUKIT TIMAH,EXECUTIVE,6,TOH YI DR,04 TO 06,154.0,Maisonette,1989,66 years 08 months,1238000.0,6 TOH YI DR,1.33777302768485,103.775130712626
2022-02,BUKIT TIMAH,EXECUTIVE,6,TOH YI DR,01 TO 03,150.0,Maisonette,1989,66 years 06 months,1120000.0,6 TOH YI DR,1.33777302768485,103.775130712626
2022-09,BUKIT TIMAH,EXECUTIVE,6,TOH YI DR,07 TO 09,146.0,Maisonette,1989,65 years 11 months,1280000.0,6 TOH YI DR,1.33777302768485,103.775130712626
2017-05,BUKIT TIMAH,4 ROOM,12,TOH YI DR,10 TO 12,104.0,Model A,1989,71 years,690000.0,12 TOH YI DR,1.33840274340359,103.772685810097
2019-01,BUKIT TIMAH,5 ROOM,12,TOH YI DR,04 TO 06,122.0,Improved,1989,69 years 04 months,750000.0,12 TOH YI DR,1.33840274340359,103.772685810097
2019-05,BUKIT TIMAH,4 ROOM,12,TOH YI DR,07 TO 09,104.0,Model A,1989,69 years 02 months,675000.0,12 TOH YI DR,1.33840274340359,103.772685810097
2019-05,BUKIT TIMAH,5 ROOM,12,TOH YI DR,07 TO 09,122.0,Improved,1989,69 years 01 month,768000.0,12 TOH YI DR,1.33840274340359,103.772685810097
2021-06,BUKIT TIMAH,5 ROOM,12,TOH YI DR,07 TO 09,122.0,Improved,1989,67 years,889000.0,12 TOH YI DR,1.33840274340359,103.772685810097
2021-07,BUKIT TIMAH,4 ROOM,12,TOH YI DR,01 TO 03,104.0,Model A,1989,66 years 11 months,650000.0,12 TOH YI DR,1.33840274340359,103.772685810097
2022-04,BUKIT TIMAH,4 ROOM,12,TOH YI DR,01 TO 03,104.0,Model A,1989,66 years 02 months,688000.0,12 TOH YI DR,1.33840274340359,103.772685810097
2022-05,BUKIT TIMAH,4 ROOM,12,TOH YI DR,10 TO 12,104.0,Model A,1989,66 years,780000.0,12 TOH YI DR,1.33840274340359,103.772685810097
2022-10,BUKIT TIMAH,5 ROOM,12,TOH YI DR,04 TO 06,122.0,Improved,1989,65 years 08 months,900000.0,12 TOH YI DR,1.33840274340359,103.772685810097
2017-05,BUKIT TIMAH,5 ROOM,1,QUEEN'S RD,22 TO 24,120.0,Standard,1974,56 years,915000.0,1 QUEEN'S RD,1.31726629524359,103.806782877524
2017-12,BUKIT TIMAH,5 ROOM,1,QUEEN'S RD,16 TO 18,125.0,Standard,1974,55 years 04 months,888000.0,1 QUEEN'S RD,1.31726629524359,103.806782877524
2018-10,BUKIT TIMAH,5 ROOM,1,QUEEN'S RD,16 TO 18,123.0,Standard,1974,54 years 06 months,875000.0,1 QUEEN'S RD,1.31726629524359,103.806782877524
2019-05,BUKIT TIMAH,5 ROOM,1,QUEEN'S RD,07 TO 09,123.0,Standard,1974,54 years,852000.0,1 QUEEN'S RD,1.31726629524359,103.806782877524
2020-03,BUKIT TIMAH,5 ROOM,1,QUEEN'S RD,07 TO 09,120.0,Standard,1974,53 years 01 month,890000.0,1 QUEEN'S RD,1.31726629524359,103.806782877524
2020-12,BUKIT TIMAH,5 ROOM,1,QUEEN'S RD,04 TO 06,123.0,Standard,1974,52 years 05 months,870000.0,1 QUEEN'S RD,1.31726629524359,103.806782877524
2021-06,BUKIT TIMAH,5 ROOM,1,QUEEN'S RD,19 TO 21,123.0,Standard,1974,51 years 11 months,912000.0,1 QUEEN'S RD,1.31726629524359,103.806782877524
2021-08,BUKIT TIMAH,5 ROOM,1,QUEEN'S RD,10 TO 12,123.0,Standard,1974,51 years 09 months,950000.0,1 QUEEN'S RD,1.31726629524359,103.806782877524
2022-07,BUKIT TIMAH,5 ROOM,1,QUEEN'S RD,04 TO 06,123.0,Standard,1974,50 years 10 months,900000.0,1 QUEEN'S RD,1.31726629524359,103.806782877524
2017-05,BUKIT TIMAH,EXECUTIVE,2,TOH YI DR,13 TO 15,146.0,Maisonette,1988,70 years 03 months,1015000.0,2 TOH YI DR,1.33917480423577,103.775341419034
2017-09,BUKIT TIMAH,EXECUTIVE,2,TOH YI DR,04 TO 06,146.0,Maisonette,1988,69 years 11 months,958888.0,2 TOH YI DR,1.33917480423577,103.775341419034
2018-08,BUKIT TIMAH,EXECUTIVE,2,TOH YI DR,10 TO 12,146.0,Maisonette,1988,69 years 01 month,938000.0,2 TOH YI DR,1.33917480423577,103.775341419034
2019-01,BUKIT TIMAH,EXECUTIVE,2,TOH YI DR,13 TO 15,150.0,Maisonette,1988,68 years 07 months,940000.0,2 TOH YI DR,1.33917480423577,103.775341419034
2019-03,BUKIT TIMAH,EXECUTIVE,2,TOH YI DR,13 TO 15,150.0,Maisonette,1988,68 years 05 months,1038000.0,2 TOH YI DR,1.33917480423577,103.775341419034
2019-05,BUKIT TIMAH,EXECUTIVE,2,TOH YI DR,01 TO 03,146.0,Maisonette,1988,68 years 03 months,950000.0,2 TOH YI DR,1.33917480423577,103.775341419034
2019-12,BUKIT TIMAH,EXECUTIVE,2,TOH YI DR,07 TO 09,146.0,Maisonette,1988,67 years 08 months,995000.0,2 TOH YI DR,1.33917480423577,103.775341419034
2020-07,BUKIT TIMAH,EXECUTIVE,2,TOH YI DR,04 TO 06,146.0,Maisonette,1988,67 years 02 months,962000.0,2 TOH YI DR,1.33917480423577,103.775341419034
2020-07,BUKIT TIMAH,EXECUTIVE,2,TOH YI DR,07 TO 09,146.0,Maisonette,1988,67 years 02 months,920000.0,2 TOH YI DR,1.33917480423577,103.775341419034
2021-01,BUKIT TIMAH,EXECUTIVE,2,TOH YI DR,01 TO 03,150.0,Maisonette,1988,66 years 07 months,928000.0,2 TOH YI DR,1.33917480423577,103.775341419034
2021-02,BUKIT TIMAH,EXECUTIVE,2,TOH YI DR,13 TO 15,154.0,Maisonette,1988,66 years 06 months,1210000.0,2 TOH YI DR,1.33917480423577,103.775341419034
2021-03,BUKIT TIMAH,EXECUTIVE,2,TOH YI DR,04 TO 06,150.0,Maisonette,1988,66 years 06 months,1000000.0,2 TOH YI DR,1.33917480423577,103.775341419034
2021-03,BUKIT TIMAH,EXECUTIVE,2,TOH YI DR,10 TO 12,146.0,Maisonette,1988,66 years 05 months,1038000.0,2 TOH YI DR,1.33917480423577,103.775341419034
2021-08,BUKIT TIMAH,EXECUTIVE,2,TOH YI DR,04 TO 06,146.0,Maisonette,1988,66 years 01 month,1038000.0,2 TOH YI DR,1.33917480423577,103.775341419034
2022-01,BUKIT TIMAH,EXECUTIVE,2,TOH YI DR,07 TO 09,146.0,Maisonette,1988,65 years 08 months,1202000.0,2 TOH YI DR,1.33917480423577,103.775341419034
2022-03,BUKIT TIMAH,EXECUTIVE,2,TOH YI DR,13 TO 15,146.0,Maisonette,1988,65 years 06 months,1198000.0,2 TOH YI DR,1.33917480423577,103.775341419034
2022-07,BUKIT TIMAH,EXECUTIVE,2,TOH YI DR,04 TO 06,146.0,Maisonette,1988,65 years 02 months,1120777.0,2 TOH YI DR,1.33917480423577,103.775341419034
2017-06,BUKIT TIMAH,3 ROOM,2,QUEEN'S RD,04 TO 06,74.0,Improved,1974,55 years 10 months,460000.0,2 QUEEN'S RD,1.32280086346268,103.811023492628
2018-03,BUKIT TIMAH,4 ROOM,2,QUEEN'S RD,10 TO 12,89.0,Improved,1974,55 years 01 month,600000.0,2 QUEEN'S RD,1.32280086346268,103.811023492628
2018-11,BUKIT TIMAH,4 ROOM,2,QUEEN'S RD,07 TO 09,89.0,Improved,1974,54 years 06 months,578888.0,2 QUEEN'S RD,1.32280086346268,103.811023492628
2019-01,BUKIT TIMAH,4 ROOM,2,QUEEN'S RD,07 TO 09,89.0,Improved,1974,54 years 04 months,545000.0,2 QUEEN'S RD,1.32280086346268,103.811023492628
2019-01,BUKIT TIMAH,4 ROOM,2,QUEEN'S RD,07 TO 09,89.0,Improved,1974,54 years 03 months,580000.0,2 QUEEN'S RD,1.32280086346268,103.811023492628
2019-05,BUKIT TIMAH,4 ROOM,2,QUEEN'S RD,04 TO 06,89.0,Improved,1974,53 years 11 months,538000.0,2 QUEEN'S RD,1.32280086346268,103.811023492628
2019-09,BUKIT TIMAH,4 ROOM,2,QUEEN'S RD,07 TO 09,89.0,Improved,1974,53 years 07 months,560000.0,2 QUEEN'S RD,1.32280086346268,103.811023492628
2019-11,BUKIT TIMAH,4 ROOM,2,QUEEN'S RD,04 TO 06,89.0,Improved,1974,53 years 05 months,550000.0,2 QUEEN'S RD,1.32280086346268,103.811023492628
2020-06,BUKIT TIMAH,4 ROOM,2,QUEEN'S RD,07 TO 09,89.0,Improved,1974,53 years,545000.0,2 QUEEN'S RD,1.32280086346268,103.811023492628
2020-09,BUKIT TIMAH,4 ROOM,2,QUEEN'S RD,04 TO 06,89.0,Improved,1974,52 years 07 months,575000.0,2 QUEEN'S RD,1.32280086346268,103.811023492628
2021-07,BUKIT TIMAH,4 ROOM,2,QUEEN'S RD,07 TO 09,89.0,Improved,1974,51 years 10 months,588000.0,2 QUEEN'S RD,1.32280086346268,103.811023492628
2022-01,BUKIT TIMAH,4 ROOM,2,QUEEN'S RD,01 TO 03,89.0,Improved,1974,51 years 04 months,590000.0,2 QUEEN'S RD,1.32280086346268,103.811023492628
2022-06,BUKIT TIMAH,4 ROOM,2,QUEEN'S RD,01 TO 03,89.0,Improved,1974,50 years 11 months,628000.0,2 QUEEN'S RD,1.32280086346268,103.811023492628
2022-06,BUKIT TIMAH,4 ROOM,2,QUEEN'S RD,07 TO 09,89.0,Improved,1974,50 years 11 months,600000.0,2 QUEEN'S RD,1.32280086346268,103.811023492628
2022-10,BUKIT TIMAH,4 ROOM,2,QUEEN'S RD,10 TO 12,89.0,Improved,1974,50 years 07 months,635000.0,2 QUEEN'S RD,1.32280086346268,103.811023492628
2017-06,BUKIT TIMAH,4 ROOM,1,TOH YI DR,04 TO 06,104.0,Model A,1988,70 years 01 month,680000.0,1 TOH YI DR,1.33957916725744,103.774635452485
2017-07,BUKIT TIMAH,5 ROOM,1,TOH YI DR,07 TO 09,122.0,Improved,1988,70 years 01 month,823000.0,1 TOH YI DR,1.33957916725744,103.774635452485
2018-01,BUKIT TIMAH,5 ROOM,1,TOH YI DR,10 TO 12,122.0,Improved,1988,69 years 06 months,810000.0,1 TOH YI DR,1.33957916725744,103.774635452485
2018-06,BUKIT TIMAH,4 ROOM,1,TOH YI DR,01 TO 03,104.0,Model A,1988,69 years 01 month,595000.0,1 TOH YI DR,1.33957916725744,103.774635452485
2018-07,BUKIT TIMAH,5 ROOM,1,TOH YI DR,01 TO 03,122.0,Improved,1988,69 years,830000.0,1 TOH YI DR,1.33957916725744,103.774635452485
2018-12,BUKIT TIMAH,5 ROOM,1,TOH YI DR,13 TO 15,122.0,Improved,1988,68 years 07 months,850000.0,1 TOH YI DR,1.33957916725744,103.774635452485
2019-05,BUKIT TIMAH,4 ROOM,1,TOH YI DR,07 TO 09,104.0,Model A,1988,68 years 02 months,740000.0,1 TOH YI DR,1.33957916725744,103.774635452485
2019-08,BUKIT TIMAH,5 ROOM,1,TOH YI DR,10 TO 12,128.0,Improved,1988,67 years 11 months,900000.0,1 TOH YI DR,1.33957916725744,103.774635452485
2020-05,BUKIT TIMAH,5 ROOM,1,TOH YI DR,10 TO 12,122.0,Improved,1988,67 years 03 months,860000.0,1 TOH YI DR,1.33957916725744,103.774635452485
2020-09,BUKIT TIMAH,4 ROOM,1,TOH YI DR,01 TO 03,104.0,Model A,1988,66 years 10 months,620000.0,1 TOH YI DR,1.33957916725744,103.774635452485
2021-12,BUKIT TIMAH,4 ROOM,1,TOH YI DR,04 TO 06,104.0,Model A,1988,65 years 08 months,620000.0,1 TOH YI DR,1.33957916725744,103.774635452485
2022-09,BUKIT TIMAH,4 ROOM,1,TOH YI DR,04 TO 06,104.0,Model A,1988,64 years 11 months,743888.0,1 TOH YI DR,1.33957916725744,103.774635452485
2017-06,BUKIT TIMAH,5 ROOM,14,TOH YI DR,10 TO 12,122.0,Improved,1988,70 years 03 months,813000.0,14 TOH YI DR,1.33908702611922,103.772569349944
2017-07,BUKIT TIMAH,4 ROOM,14,TOH YI DR,13 TO 15,104.0,Model A,1988,70 years 02 months,680000.0,14 TOH YI DR,1.33908702611922,103.772569349944
2018-03,BUKIT TIMAH,4 ROOM,14,TOH YI DR,10 TO 12,104.0,Model A,1988,69 years 06 months,650000.0,14 TOH YI DR,1.33908702611922,103.772569349944
2018-12,BUKIT TIMAH,5 ROOM,14,TOH YI DR,13 TO 15,122.0,Improved,1988,68 years 09 months,825000.0,14 TOH YI DR,1.33908702611922,103.772569349944
2019-04,BUKIT TIMAH,4 ROOM,14,TOH YI DR,04 TO 06,104.0,Model A,1988,68 years 06 months,665000.0,14 TOH YI DR,1.33908702611922,103.772569349944
2019-04,BUKIT TIMAH,5 ROOM,14,TOH YI DR,10 TO 12,122.0,Improved,1988,68 years 05 months,818000.0,14 TOH YI DR,1.33908702611922,103.772569349944
2019-05,BUKIT TIMAH,4 ROOM,14,TOH YI DR,07 TO 09,104.0,Model A,1988,68 years 04 months,675000.0,14 TOH YI DR,1.33908702611922,103.772569349944
2019-06,BUKIT TIMAH,4 ROOM,14,TOH YI DR,07 TO 09,104.0,Model A,1988,68 years 03 months,665000.0,14 TOH YI DR,1.33908702611922,103.772569349944
2020-06,BUKIT TIMAH,4 ROOM,14,TOH YI DR,07 TO 09,104.0,Model A,1988,67 years 05 months,620000.0,14 TOH YI DR,1.33908702611922,103.772569349944
2020-09,BUKIT TIMAH,4 ROOM,14,TOH YI DR,04 TO 06,104.0,Model A,1988,67 years 01 month,625000.0,14 TOH YI DR,1.33908702611922,103.772569349944
2021-04,BUKIT TIMAH,4 ROOM,14,TOH YI DR,07 TO 09,104.0,Model A,1988,66 years 06 months,678000.0,14 TOH YI DR,1.33908702611922,103.772569349944
2021-06,BUKIT TIMAH,4 ROOM,14,TOH YI DR,07 TO 09,104.0,Model A,1988,66 years 04 months,638000.0,14 TOH YI DR,1.33908702611922,103.772569349944
2021-08,BUKIT TIMAH,5 ROOM,14,TOH YI DR,07 TO 09,122.0,Improved,1988,66 years 02 months,870000.0,14 TOH YI DR,1.33908702611922,103.772569349944
2021-09,BUKIT TIMAH,4 ROOM,14,TOH YI DR,07 TO 09,104.0,Model A,1988,66 years 01 month,660000.0,14 TOH YI DR,1.33908702611922,103.772569349944
2021-12,BUKIT TIMAH,4 ROOM,14,TOH YI DR,04 TO 06,104.0,Model A,1988,65 years 10 months,703600.0,14 TOH YI DR,1.33908702611922,103.772569349944
2022-12,BUKIT TIMAH,4 ROOM,14,TOH YI DR,04 TO 06,104.0,Model A,1988,64 years 10 months,615000.0,14 TOH YI DR,1.33908702611922,103.772569349944
2017-09,BUKIT TIMAH,4 ROOM,19,TOH YI DR,04 TO 06,84.0,Simplified,1988,70 years,619888.0,19 TOH YI DR,1.33996269630769,103.77389767866
2017-12,BUKIT TIMAH,3 ROOM,19,TOH YI DR,01 TO 03,64.0,Simplified,1988,69 years 09 months,370000.0,19 TOH YI DR,1.33996269630769,103.77389767866
2018-12,BUKIT TIMAH,3 ROOM,19,TOH YI DR,04 TO 06,64.0,Simplified,1988,68 years 09 months,392500.0,19 TOH YI DR,1.33996269630769,103.77389767866
2017-11,BUKIT TIMAH,EXECUTIVE,10,TOH YI DR,04 TO 06,146.0,Maisonette,1989,70 years 07 months,900000.0,10 TOH YI DR,1.33753956576433,103.773161066389
2018-06,BUKIT TIMAH,EXECUTIVE,10,TOH YI DR,04 TO 06,146.0,Maisonette,1989,70 years 01 month,1038000.0,10 TOH YI DR,1.33753956576433,103.773161066389
2018-08,BUKIT TIMAH,EXECUTIVE,10,TOH YI DR,04 TO 06,146.0,Maisonette,1989,69 years 10 months,1058000.0,10 TOH YI DR,1.33753956576433,103.773161066389
2019-02,BUKIT TIMAH,EXECUTIVE,10,TOH YI DR,04 TO 06,154.0,Maisonette,1989,69 years 05 months,983000.0,10 TOH YI DR,1.33753956576433,103.773161066389
2019-05,BUKIT TIMAH,EXECUTIVE,10,TOH YI DR,04 TO 06,146.0,Maisonette,1989,69 years 01 month,970000.0,10 TOH YI DR,1.33753956576433,103.773161066389
2020-07,BUKIT TIMAH,EXECUTIVE,10,TOH YI DR,04 TO 06,146.0,Maisonette,1989,68 years,998000.0,10 TOH YI DR,1.33753956576433,103.773161066389
2017-12,BUKIT TIMAH,4 ROOM,3,QUEEN'S RD,04 TO 06,91.0,Improved,1974,55 years 04 months,520000.0,3 QUEEN'S RD,1.32287761525628,103.811647694363
2018-04,BUKIT TIMAH,4 ROOM,3,QUEEN'S RD,07 TO 09,91.0,Improved,1974,55 years,550000.0,3 QUEEN'S RD,1.32287761525628,103.811647694363
2018-07,BUKIT TIMAH,4 ROOM,3,QUEEN'S RD,07 TO 09,91.0,Improved,1974,54 years 09 months,570000.0,3 QUEEN'S RD,1.32287761525628,103.811647694363
2018-07,BUKIT TIMAH,4 ROOM,3,QUEEN'S RD,07 TO 09,91.0,Improved,1974,54 years 10 months,580000.0,3 QUEEN'S RD,1.32287761525628,103.811647694363
2018-07,BUKIT TIMAH,4 ROOM,3,QUEEN'S RD,10 TO 12,91.0,Improved,1974,54 years 09 months,590000.0,3 QUEEN'S RD,1.32287761525628,103.811647694363
2018-09,BUKIT TIMAH,3 ROOM,3,QUEEN'S RD,10 TO 12,76.0,Improved,1974,54 years 07 months,380000.0,3 QUEEN'S RD,1.32287761525628,103.811647694363
2018-10,BUKIT TIMAH,4 ROOM,3,QUEEN'S RD,04 TO 06,91.0,Improved,1974,54 years 06 months,540888.0,3 QUEEN'S RD,1.32287761525628,103.811647694363
2019-05,BUKIT TIMAH,4 ROOM,3,QUEEN'S RD,07 TO 09,91.0,Improved,1974,54 years,495000.0,3 QUEEN'S RD,1.32287761525628,103.811647694363
2019-07,BUKIT TIMAH,4 ROOM,3,QUEEN'S RD,07 TO 09,91.0,Improved,1974,53 years 09 months,525000.0,3 QUEEN'S RD,1.32287761525628,103.811647694363
2019-10,BUKIT TIMAH,4 ROOM,3,QUEEN'S RD,04 TO 06,91.0,Improved,1974,53 years 06 months,510000.0,3 QUEEN'S RD,1.32287761525628,103.811647694363
2019-10,BUKIT TIMAH,4 ROOM,3,QUEEN'S RD,07 TO 09,91.0,Improved,1974,53 years 06 months,530000.0,3 QUEEN'S RD,1.32287761525628,103.811647694363
2020-01,BUKIT TIMAH,3 ROOM,3,QUEEN'S RD,07 TO 09,76.0,Improved,1974,53 years 03 months,480888.0,3 QUEEN'S RD,1.32287761525628,103.811647694363
2020-01,BUKIT TIMAH,4 ROOM,3,QUEEN'S RD,10 TO 12,91.0,Improved,1974,53 years 03 months,560058.0,3 QUEEN'S RD,1.32287761525628,103.811647694363
2020-04,BUKIT TIMAH,3 ROOM,3,QUEEN'S RD,07 TO 09,76.0,Improved,1974,53 years 01 month,400000.0,3 QUEEN'S RD,1.32287761525628,103.811647694363
2020-06,BUKIT TIMAH,4 ROOM,3,QUEEN'S RD,07 TO 09,91.0,Improved,1974,52 years 11 months,510000.0,3 QUEEN'S RD,1.32287761525628,103.811647694363
2020-10,BUKIT TIMAH,3 ROOM,3,QUEEN'S RD,10 TO 12,76.0,Improved,1974,52 years 06 months,400000.0,3 QUEEN'S RD,1.32287761525628,103.811647694363
2021-02,BUKIT TIMAH,4 ROOM,3,QUEEN'S RD,04 TO 06,91.0,Improved,1974,52 years 03 months,488000.0,3 QUEEN'S RD,1.32287761525628,103.811647694363
2021-03,BUKIT TIMAH,4 ROOM,3,QUEEN'S RD,07 TO 09,91.0,Improved,1974,52 years 01 month,580000.0,3 QUEEN'S RD,1.32287761525628,103.811647694363
2021-05,BUKIT TIMAH,4 ROOM,3,QUEEN'S RD,10 TO 12,91.0,Improved,1974,52 years,480000.0,3 QUEEN'S RD,1.32287761525628,103.811647694363
2021-08,BUKIT TIMAH,4 ROOM,3,QUEEN'S RD,10 TO 12,91.0,Improved,1974,51 years 09 months,608000.0,3 QUEEN'S RD,1.32287761525628,103.811647694363
2021-09,BUKIT TIMAH,4 ROOM,3,QUEEN'S RD,04 TO 06,91.0,Improved,1974,51 years 08 months,470000.0,3 QUEEN'S RD,1.32287761525628,103.811647694363
2021-10,BUKIT TIMAH,4 ROOM,3,QUEEN'S RD,10 TO 12,91.0,Improved,1974,51 years 07 months,550000.0,3 QUEEN'S RD,1.32287761525628,103.811647694363
2021-10,BUKIT TIMAH,4 ROOM,3,QUEEN'S RD,04 TO 06,91.0,Improved,1974,51 years 06 months,483000.0,3 QUEEN'S RD,1.32287761525628,103.811647694363
2022-03,BUKIT TIMAH,4 ROOM,3,QUEEN'S RD,04 TO 06,91.0,Improved,1974,51 years 02 months,580000.0,3 QUEEN'S RD,1.32287761525628,103.811647694363
2022-06,BUKIT TIMAH,4 ROOM,3,QUEEN'S RD,04 TO 06,91.0,Improved,1974,50 years 10 months,528000.0,3 QUEEN'S RD,1.32287761525628,103.811647694363
2022-07,BUKIT TIMAH,4 ROOM,3,QUEEN'S RD,07 TO 09,91.0,Improved,1974,50 years 10 months,560000.0,3 QUEEN'S RD,1.32287761525628,103.811647694363
2022-09,BUKIT TIMAH,4 ROOM,3,QUEEN'S RD,04 TO 06,91.0,Improved,1974,50 years 08 months,560000.0,3 QUEEN'S RD,1.32287761525628,103.811647694363
2022-11,BUKIT TIMAH,4 ROOM,3,QUEEN'S RD,10 TO 12,91.0,Improved,1974,50 years 06 months,590000.0,3 QUEEN'S RD,1.32287761525628,103.811647694363
2022-12,BUKIT TIMAH,4 ROOM,3,QUEEN'S RD,04 TO 06,91.0,Improved,1974,50 years 05 months,588000.0,3 QUEEN'S RD,1.32287761525628,103.811647694363
2017-12,BUKIT TIMAH,EXECUTIVE,8,TOH YI DR,01 TO 03,145.0,Maisonette,1989,70 years 05 months,918000.0,8 TOH YI DR,1.33796491184368,103.774015746707
2017-12,BUKIT TIMAH,EXECUTIVE,8,TOH YI DR,01 TO 03,145.0,Maisonette,1989,70 years 05 months,920000.0,8 TOH YI DR,1.33796491184368,103.774015746707
2018-04,BUKIT TIMAH,EXECUTIVE,8,TOH YI DR,01 TO 03,146.0,Maisonette,1989,70 years 01 month,898000.0,8 TOH YI DR,1.33796491184368,103.774015746707
2018-09,BUKIT TIMAH,EXECUTIVE,8,TOH YI DR,01 TO 03,145.0,Maisonette,1989,69 years 11 months,985000.0,8 TOH YI DR,1.33796491184368,103.774015746707
2018-10,BUKIT TIMAH,EXECUTIVE,8,TOH YI DR,01 TO 03,145.0,Maisonette,1989,69 years 07 months,990000.0,8 TOH YI DR,1.33796491184368,103.774015746707
2019-03,BUKIT TIMAH,EXECUTIVE,8,TOH YI DR,01 TO 03,146.0,Maisonette,1989,69 years 02 months,888000.0,8 TOH YI DR,1.33796491184368,103.774015746707
2019-09,BUKIT TIMAH,EXECUTIVE,8,TOH YI DR,01 TO 03,146.0,Maisonette,1989,68 years 08 months,990000.0,8 TOH YI DR,1.33796491184368,103.774015746707
2020-04,BUKIT TIMAH,EXECUTIVE,8,TOH YI DR,01 TO 03,146.0,Maisonette,1989,68 years 01 month,970000.0,8 TOH YI DR,1.33796491184368,103.774015746707
2022-03,BUKIT TIMAH,EXECUTIVE,8,TOH YI DR,01 TO 03,146.0,Maisonette,1989,66 years 02 months,1070000.0,8 TOH YI DR,1.33796491184368,103.774015746707
2018-07,BUKIT TIMAH,5 ROOM,9,TOH YI DR,10 TO 12,122.0,Improved,1989,69 years 10 months,880000.0,9 TOH YI DR,1.33830479751081,103.773541593643
2019-03,BUKIT TIMAH,5 ROOM,9,TOH YI DR,01 TO 03,122.0,Improved,1989,69 years 01 month,800000.0,9 TOH YI DR,1.33830479751081,103.773541593643
2020-01,BUKIT TIMAH,4 ROOM,9,TOH YI DR,10 TO 12,104.0,Model A,1989,68 years 03 months,618000.0,9 TOH YI DR,1.33830479751081,103.773541593643
2020-08,BUKIT TIMAH,5 ROOM,9,TOH YI DR,10 TO 12,127.0,Improved,1989,67 years 08 months,850000.0,9 TOH YI DR,1.33830479751081,103.773541593643
2020-11,BUKIT TIMAH,4 ROOM,9,TOH YI DR,10 TO 12,104.0,Model A,1989,67 years 06 months,660000.0,9 TOH YI DR,1.33830479751081,103.773541593643
2020-12,BUKIT TIMAH,5 ROOM,9,TOH YI DR,13 TO 15,122.0,Improved,1989,67 years 05 months,928000.0,9 TOH YI DR,1.33830479751081,103.773541593643
2021-02,BUKIT TIMAH,4 ROOM,9,TOH YI DR,01 TO 03,104.0,Model A,1989,67 years 03 months,628000.0,9 TOH YI DR,1.33830479751081,103.773541593643
2021-05,BUKIT TIMAH,5 ROOM,9,TOH YI DR,01 TO 03,122.0,Improved,1989,66 years 11 months,893000.0,9 TOH YI DR,1.33830479751081,103.773541593643
2021-08,BUKIT TIMAH,4 ROOM,9,TOH YI DR,10 TO 12,104.0,Model A,1989,66 years 08 months,750000.0,9 TOH YI DR,1.33830479751081,103.773541593643
